{
    "ecoli-0-1-4-7_vs_5-6": {
        "random_forest": {
            "accuracy": 0.9668928086838534,
            "balanced_accuracy": 0.8351084082496033,
            "precision": 0.8666666666666666,
            "recall": 0.68,
            "f1_score": 0.7510101010101009,
            "classification_error": 0.03310719131614652,
            "auc_roc": 0.8351084082496033
        },
        "decision_tree": {
            "accuracy": 0.9396653098145636,
            "balanced_accuracy": 0.8020200951877314,
            "precision": 0.6311111111111112,
            "recall": 0.64,
            "f1_score": 0.6108369408369408,
            "classification_error": 0.06033469018543645,
            "auc_roc": 0.8020200951877314
        },
        "naive_bayes": {
            "accuracy": 0.951831750339213,
            "balanced_accuracy": 0.7351084082496033,
            "precision": 0.7,
            "recall": 0.48,
            "f1_score": 0.5461038961038962,
            "classification_error": 0.04816824966078696,
            "auc_roc": 0.7351084082496033
        }
    },
    "ecoli-0-3-4-7_vs_5-6": {
        "random_forest": {
            "accuracy": 0.953393665158371,
            "balanced_accuracy": 0.7956521739130435,
            "precision": 0.9199999999999999,
            "recall": 0.6000000000000001,
            "f1_score": 0.6866666666666668,
            "classification_error": 0.046606334841628926,
            "auc_roc": 0.7956521739130435
        },
        "decision_tree": {
            "accuracy": 0.9336349924585218,
            "balanced_accuracy": 0.8383533765032377,
            "precision": 0.6509523809523811,
            "recall": 0.7200000000000001,
            "f1_score": 0.6775757575757575,
            "classification_error": 0.06636500754147816,
            "auc_roc": 0.8383533765032377
        },
        "naive_bayes": {
            "accuracy": 0.45120663650075404,
            "balanced_accuracy": 0.6424976873265494,
            "precision": 0.2549204880842254,
            "recall": 0.8800000000000001,
            "f1_score": 0.3151022110972048,
            "classification_error": 0.5487933634992459,
            "auc_roc": 0.6424976873265494
        }
    },
    "ecoli1": {
        "random_forest": {
            "accuracy": 0.9078577699736611,
            "balanced_accuracy": 0.8534389140271493,
            "precision": 0.837703081232493,
            "recall": 0.7533333333333332,
            "f1_score": 0.7909544087519615,
            "classification_error": 0.09214223002633888,
            "auc_roc": 0.8534389140271493
        },
        "decision_tree": {
            "accuracy": 0.8839771729587357,
            "balanced_accuracy": 0.8375245098039216,
            "precision": 0.7559615384615384,
            "recall": 0.7525,
            "f1_score": 0.749508033379001,
            "classification_error": 0.11602282704126428,
            "auc_roc": 0.8375245098039216
        },
        "naive_bayes": {
            "accuracy": 0.5750658472344161,
            "balanced_accuracy": 0.7053487933634992,
            "precision": 0.3780936077047595,
            "recall": 0.9475,
            "f1_score": 0.5251793224539474,
            "classification_error": 0.42493415276558383,
            "auc_roc": 0.7053487933634992
        }
    },
    "ecoli2": {
        "random_forest": {
            "accuracy": 0.952502194907814,
            "balanced_accuracy": 0.8720095693779903,
            "precision": 0.9292063492063493,
            "recall": 0.7545454545454546,
            "f1_score": 0.827953216374269,
            "classification_error": 0.04749780509218613,
            "auc_roc": 0.8720095693779903
        },
        "decision_tree": {
            "accuracy": 0.9047410008779633,
            "balanced_accuracy": 0.8346907040328093,
            "precision": 0.6862082362082363,
            "recall": 0.7327272727272728,
            "f1_score": 0.7042386598908338,
            "classification_error": 0.09525899912203688,
            "auc_roc": 0.8346907040328093
        },
        "naive_bayes": {
            "accuracy": 0.32756804214223006,
            "balanced_accuracy": 0.6020989974937343,
            "precision": 0.19081696619173155,
            "recall": 1.0,
            "f1_score": 0.31952316811294323,
            "classification_error": 0.6724319578577699,
            "auc_roc": 0.6020989974937343
        }
    },
    "ecoli3": {
        "random_forest": {
            "accuracy": 0.9374012291483759,
            "balanced_accuracy": 0.763095238095238,
            "precision": 0.8266666666666665,
            "recall": 0.5428571428571429,
            "f1_score": 0.635042735042735,
            "classification_error": 0.06259877085162421,
            "auc_roc": 0.763095238095238
        },
        "decision_tree": {
            "accuracy": 0.8870061457418787,
            "balanced_accuracy": 0.7223341139734583,
            "precision": 0.48935064935064937,
            "recall": 0.5142857142857142,
            "f1_score": 0.48571428571428565,
            "classification_error": 0.11299385425812117,
            "auc_roc": 0.7223341139734583
        },
        "naive_bayes": {
            "accuracy": 0.7500438981562774,
            "balanced_accuracy": 0.8352537080405933,
            "precision": 0.29680639730639735,
            "recall": 0.9428571428571428,
            "f1_score": 0.4480575888526325,
            "classification_error": 0.24995610184372258,
            "auc_roc": 0.8352537080405933
        }
    },
    "glass2": {
        "random_forest": {
            "accuracy": 0.906423034330011,
            "balanced_accuracy": 0.49230769230769234,
            "precision": 0.0,
            "recall": 0.0,
            "f1_score": 0.0,
            "classification_error": 0.09357696566998894,
            "auc_roc": 0.49230769230769234
        },
        "decision_tree": {
            "accuracy": 0.8644518272425248,
            "balanced_accuracy": 0.5759615384615384,
            "precision": 0.29,
            "recall": 0.2333333333333333,
            "f1_score": 0.24047619047619045,
            "classification_error": 0.13554817275747508,
            "auc_roc": 0.5759615384615384
        },
        "naive_bayes": {
            "accuracy": 0.4574750830564784,
            "balanced_accuracy": 0.5905769230769231,
            "precision": 0.10423676323676326,
            "recall": 0.7499999999999999,
            "f1_score": 0.182568356374808,
            "classification_error": 0.5425249169435216,
            "auc_roc": 0.5905769230769231
        }
    },
    "yeast-0-2-5-7-9_vs_3-6-8": {
        "random_forest": {
            "accuracy": 0.9661492537313432,
            "balanced_accuracy": 0.8783963361442281,
            "precision": 0.875453216374269,
            "recall": 0.7689473684210527,
            "f1_score": 0.8164526701368807,
            "classification_error": 0.033850746268656716,
            "auc_roc": 0.8783963361442281
        },
        "decision_tree": {
            "accuracy": 0.941223880597015,
            "balanced_accuracy": 0.8504521663274207,
            "precision": 0.6999892428954213,
            "recall": 0.7373684210526317,
            "f1_score": 0.714712785307751,
            "classification_error": 0.058776119402985036,
            "auc_roc": 0.8504521663274207
        },
        "naive_bayes": {
            "accuracy": 0.17929850746268658,
            "balanced_accuracy": 0.5403038674033149,
            "precision": 0.1064331121477075,
            "recall": 0.99,
            "f1_score": 0.1921896885939601,
            "classification_error": 0.8207014925373134,
            "auc_roc": 0.5403038674033149
        }
    },
    "yeast-0-3-5-9_vs_7-8": {
        "random_forest": {
            "accuracy": 0.9130265967773248,
            "balanced_accuracy": 0.5867152412804587,
            "precision": 0.7833333333333333,
            "recall": 0.18,
            "f1_score": 0.2836163836163836,