{
    "ecoli-0-1-4-7_vs_5-6": {
        "random_forest": {
            "accuracy": 0.8944369063772049,
            "balanced_accuracy": 0.8877789529349551,
            "precision": 0.43370879120879124,
            "recall": 0.8800000000000001,
            "f1_score": 0.5694261294261295,
            "classification_error": 0.1055630936227951,
            "auc_roc": 0.8877789529349551
        },
        "decision_tree": {
            "accuracy": 0.8823609226594302,
            "balanced_accuracy": 0.8628873611845584,
            "precision": 0.40737497796321326,
            "recall": 0.8400000000000001,
            "f1_score": 0.5362082362082362,
            "classification_error": 0.11763907734056986,
            "auc_roc": 0.8628873611845587
        },
        "naive_bayes": {
            "accuracy": 0.9368159203980099,
            "balanced_accuracy": 0.6167477525118985,
            "precision": 0.5,
            "recall": 0.24,
            "f1_score": 0.30158730158730157,
            "classification_error": 0.06318407960199005,
            "auc_roc": 0.6167477525118985
        }
    },
    "ecoli-0-3-4-7_vs_5-6": {
        "random_forest": {
            "accuracy": 0.906711915535445,
            "balanced_accuracy": 0.8947641073080481,
            "precision": 0.5107142857142858,
            "recall": 0.8800000000000001,
            "f1_score": 0.6435897435897435,
            "classification_error": 0.09328808446455505,
            "auc_roc": 0.8947641073080481
        },
        "decision_tree": {
            "accuracy": 0.8871040723981901,
            "balanced_accuracy": 0.866022201665125,
            "precision": 0.47444444444444445,
            "recall": 0.8400000000000001,
            "f1_score": 0.5938375350140056,
            "classification_error": 0.11289592760180993,
            "auc_roc": 0.866022201665125
        },
        "naive_bayes": {
            "accuracy": 0.9142533936651583,
            "balanced_accuracy": 0.6134782608695651,
            "precision": 0.6333333333333333,
            "recall": 0.24000000000000005,
            "f1_score": 0.3380952380952381,
            "classification_error": 0.08574660633484163,
            "auc_roc": 0.6134782608695651
        }
    },
    "ecoli1": {
        "random_forest": {
            "accuracy": 0.8780070237050044,
            "balanced_accuracy": 0.9029769984917042,
            "precision": 0.6755019960969618,
            "recall": 0.9491666666666667,
            "f1_score": 0.7850902440376126,
            "classification_error": 0.12199297629499561,
            "auc_roc": 0.9029769984917042
        },
        "decision_tree": {
            "accuracy": 0.8869622475856014,
            "balanced_accuracy": 0.8902262443438914,
            "precision": 0.71291627762216,
            "recall": 0.8966666666666667,
            "f1_score": 0.7887361992013154,
            "classification_error": 0.11303775241439859,
            "auc_roc": 0.8902262443438914
        },
        "naive_bayes": {
            "accuracy": 0.8365232660228269,
            "balanced_accuracy": 0.8566251885369531,
            "precision": 0.6169155844155844,
            "recall": 0.8949999999999999,
            "f1_score": 0.7230345629504116,
            "classification_error": 0.163476733977173,
            "auc_roc": 0.8566251885369531
        }
    },
    "ecoli2": {
        "random_forest": {
            "accuracy": 0.928665496049166,
            "balanced_accuracy": 0.9119947596263387,
            "precision": 0.7365259740259741,
            "recall": 0.8872727272727273,
            "f1_score": 0.8002104562104563,
            "classification_error": 0.07133450395083404,
            "auc_roc": 0.9119947596263387
        },
        "decision_tree": {
            "accuracy": 0.8810359964881475,
            "balanced_accuracy": 0.8838619275461381,
            "precision": 0.5852992209029361,
            "recall": 0.8872727272727273,
            "f1_score": 0.7008575077540595,
            "classification_error": 0.11896400351185252,
            "auc_roc": 0.8838619275461381
        },
        "naive_bayes": {
            "accuracy": 0.5057067603160668,
            "balanced_accuracy": 0.6859478241057189,
            "precision": 0.23476833976833977,
            "recall": 0.9454545454545455,
            "f1_score": 0.3741494637296736,
            "classification_error": 0.4942932396839333,
            "auc_roc": 0.685947824105719
        }
    },
    "ecoli3": {
        "random_forest": {
            "accuracy": 0.8542581211589113,
            "balanced_accuracy": 0.893423106947697,
            "precision": 0.4171482628138975,
            "recall": 0.9428571428571428,
            "f1_score": 0.5749554655870445,
            "classification_error": 0.1457418788410887,
            "auc_roc": 0.893423106947697
        },
        "decision_tree": {
            "accuracy": 0.8512730465320457,
            "balanced_accuracy": 0.8665183450429353,
            "precision": 0.41263937301089004,
            "recall": 0.8857142857142858,
            "f1_score": 0.5576923076923077,
            "classification_error": 0.14872695346795434,
            "auc_roc": 0.8665183450429353
        },
        "naive_bayes": {
            "accuracy": 0.8511413520632134,
            "balanced_accuracy": 0.8031498829039811,
            "precision": 0.3315196078431373,
            "recall": 0.7428571428571429,
            "f1_score": 0.4546953131621324,
            "classification_error": 0.14885864793678666,
            "auc_roc": 0.8031498829039811
        }
    },
    "glass2": {
        "random_forest": {
            "accuracy": 0.6912513842746401,
            "balanced_accuracy": 0.7483974358974359,
            "precision": 0.1829341736694678,
            "recall": 0.8166666666666667,
            "f1_score": 0.29758513931888547,
            "classification_error": 0.3087486157253599,
            "auc_roc": 0.7483974358974359
        },
        "decision_tree": {
            "accuracy": 0.7286821705426356,
            "balanced_accuracy": 0.7377564102564103,
            "precision": 0.1914438502673797,
            "recall": 0.75,
            "f1_score": 0.3019047619047619,
            "classification_error": 0.2713178294573644,
            "auc_roc": 0.7377564102564103
        },
        "naive_bayes": {
            "accuracy": 0.45271317829457364,
            "balanced_accuracy": 0.6412820512820513,
            "precision": 0.11642273307790549,
            "recall": 0.8666666666666666,
            "f1_score": 0.20480119003478295,
            "classification_error": 0.5472868217054264,
            "auc_roc": 0.6412820512820513
        }
    },
    "yeast-0-2-5-7-9_vs_3-6-8": {
        "random_forest": {
            "accuracy": 0.9392487562189056,
            "balanced_accuracy": 0.8993224774643791,
            "precision": 0.6475470736160391,
            "recall": 0.8494736842105264,
            "f1_score": 0.7329331831406629,
            "classification_error": 0.06075124378109453,
            "auc_roc": 0.8993224774643792
        },
        "decision_tree": {
            "accuracy": 0.9193084577114428,
            "balanced_accuracy": 0.915220994475138,
            "precision": 0.5641544736316705,
            "recall": 0.9099999999999999,
            "f1_score": 0.6914386093420418,
            "classification_error": 0.08069154228855721,
            "auc_roc": 0.9152209944751382
        },
        "naive_bayes": {
            "accuracy": 0.9362487562189055,
            "balanced_accuracy": 0.89792817679558,
            "precision": 0.6437380254154448,
            "recall": 0.85,
            "f1_score": 0.7264713064713064,
            "classification_error": 0.06375124378109451,
            "auc_roc": 0.89792817679558
        }
    },
    "yeast-0-3-5-9_vs_7-8": {
        "random_forest": {
            "accuracy": 0.7430401863715783,
            "balanced_accuracy": 0.7505924510272337,
            "precision": 0.24402836404440253,